{"schemaVersion":"1.0","appDefinitionTemplate":{"id":"/providers/Microsoft.PowerApps/apps/","type":"Microsoft.PowerApps/apps","tags":{"primaryDeviceWidth":"1366","primaryDeviceHeight":"768","supportsPortrait":"true","supportsLandscape":"true","primaryFormFactor":"Tablet","showStatusBar":"false","publisherVersion":"3.25022.11","minimumRequiredApiVersion":"2.2.0","hasComponent":"true","hasUnlockedComponent":"true","isUnifiedRootApp":"false","sienaVersion":"20250228T011529Z-3.25022.11.0"},"properties":{"appVersion":"2025-02-28T01:15:29Z","lifeCycleId":"Published","createdByClientVersion":{"major":3,"minor":25022,"build":11,"revision":0,"majorRevision":0,"minorRevision":0},"minClientVersion":{"major":3,"minor":25022,"build":11,"revision":0,"majorRevision":0,"minorRevision":0},"backgroundColor":"rgba(0, 176, 240, 1)","backgroundImageUri":"/14265250324347886668/Ne0578ff4-aeb5-43c7-b922-bb26f0837c59-logoSmallFile","displayName":"New Employee Onboarding","description":"Initial deployment for testing in the live environment.","commitMessage":"","appUris":{"documentUri":{"value":"/14265250324347886668/N98919563-6afe-4e8b-aef1-ae41c1eb4644-document.msapp"},"imageUris":[],"additionalUris":[{"isSolutionAware":false,"value":"/14265250324347886668/N9636483c-bcd9-4a05-8bd9-391963678e2d-identity.json"}]},"createdTime":"0001-01-01T00:00:00Z","lastModifiedTime":"0001-01-01T00:00:00Z","sharedGroupsCount":0,"sharedUsersCount":0,"connectionReferences":{"6fe50671-afec-4853-b2b7-17449d5bf107":{"id":"4512d0d0-9f44-4781-a573-397e4ce90f0c","displayName":"Office 365 Outlook","iconUri":"https://conn-afd-prod-endpoint-bmc9bqahasf3grgk.b01.azurefd.net/releases/v1.0.1722/1.0.1722.3975/office365/icon.png","dataSources":["Office365Outlook"],"dependencies":[],"dependents":["c49d271b-0128-434a-bf80-9eba7a4308cc","e44fef3a-7b9c-4caa-9de5-0c9cd92ec420","dde874f4-c217-4a10-81f2-dc813742634d"],"parameterHints":{},"parameterHintsV2":{},"isOnPremiseConnection":false,"bypassConsent":false,"dataSets":{},"apiTier":"Standard","isCustomApiConnection":false,"actions":["CalendarGetTables","GetEventsCalendarViewV2","SendEmailV2","V2CalendarPostItem","FindMeetingTimes","GetRoomLists","GetRooms","GetRoomsInRoomList"]},"b9540b6d-4d04-4ca6-9dcf-eddfea83f660":{"id":"fa92295a-eddd-476b-9a78-786e5761789a","displayName":"Office 365 Groups","iconUri":"https://conn-afd-prod-endpoint-bmc9bqahasf3grgk.b01.azurefd.net/releases/v1.0.1681/1.0.1681.3663/office365groups/icon.png","dataSources":["Office365Groups"],"dependencies":[],"dependents":[],"parameterHints":{},"parameterHintsV2":{},"isOnPremiseConnection":false,"bypassConsent":false,"dataSets":{},"apiTier":"Standard","isCustomApiConnection":false},"589dc3e5-c96b-4688-b5f4-cacd95e150ce":{"id":"1c28531c-b9c2-4672-a64f-cecf53e8eae9","displayName":"Planner","iconUri":"https://conn-afd-prod-endpoint-bmc9bqahasf3grgk.b01.azurefd.net/releases/v1.0.1732/1.0.1732.4070/planner/icon.png","dataSources":["Planner"],"dependencies":[],"dependents":[],"parameterHints":{},"parameterHintsV2":{},"isOnPremiseConnection":false,"bypassConsent":false,"dataSets":{},"apiTier":"Standard","isCustomApiConnection":false,"actions":["ListMyPlans_V2"]},"35534e23-776e-42ea-bbcf-bd4893efdfb1":{"id":"afed74b0-5d62-41f1-abc7-d8b128024774","displayName":"SharePoint","iconUri":"https://conn-afd-prod-endpoint-bmc9bqahasf3grgk.b01.azurefd.net/releases/v1.0.1732/1.0.1732.4070/sharepointonline/icon.png","dataSources":["Administrators","App Training Videos","Tasks","Departments","New Employee List","Task Assignments","Task Category","URLs","Documents"],"dependencies":[],"dependents":["dde874f4-c217-4a10-81f2-dc813742634d"],"parameterHints":{},"parameterHintsV2":{},"isOnPremiseConnection":false,"bypassConsent":false,"dataSets":{"https://communityessentials.sharepoint.com/sites/HumanResources":{"dataSources":{"Administrators":{"tableName":"cf401144-a726-423d-8a68-2d68be28a137"},"App Training Videos":{"tableName":"ad935ef4-9959-43b9-8ff9-2dba3968608b"},"Tasks":{"tableName":"87b8a87e-8201-44bb-8751-564d2ee829b0"},"Departments":{"tableName":"6d27c087-b899-4742-85d0-2f72e2e8e307"},"New Employee List":{"tableName":"7c191191-9031-4b78-870c-c6e2b98f94bc"},"Task Assignments":{"tableName":"44662188-547a-4129-92df-a56340ac739d"},"Task Category":{"tableName":"fddd1c45-518d-4f34-97b5-118ad6677f36"},"URLs":{"tableName":"453dc2a9-6bfc-40b8-a0e3-5845a39f6c05"},"Documents":{"tableName":"a7206ed2-115a-48c9-9384-8f195ce67925"}}}},"apiTier":"Standard","isCustomApiConnection":false,"actions":["providers/PowerPlatform.Governance/Operations/Read","providers/PowerPlatform.Governance/Operations/Write","providers/PowerPlatform.Governance/Operations/Delete"]},"8614a50a-5e9d-484e-b704-76cd55e6588e":{"id":"9f445a39-6dca-4276-9637-9da412ae61c9","displayName":"Office 365 Users","iconUri":"https://conn-afd-prod-endpoint-bmc9bqahasf3grgk.b01.azurefd.net/releases/v1.0.1732/1.0.1732.4070/office365users/icon.png","dataSources":["Office365Users"],"dependencies":[],"dependents":[],"parameterHints":{},"parameterHintsV2":{},"isOnPremiseConnection":false,"bypassConsent":false,"dataSets":{},"apiTier":"Standard","isCustomApiConnection":false,"actions":["MyProfile","UserPhotoMetadata","UserPhoto","DirectReports","Manager","UpdateMyPhoto","RelevantPeople","UserPhoto_V2","SearchUser","SearchUserV2"]},"c49d271b-0128-434a-bf80-9eba7a4308cc":{"id":"cce7bd97-4a3f-430c-a54a-96b38bf1e575","displayName":"Logic flows","iconUri":"https://conn-afd-prod-endpoint-bmc9bqahasf3grgk.b01.azurefd.net/releases/v1.0.1725/1.0.1725.4004/logicflows/icon.png","dataSources":["NewEmployeeOnbaording:SendEmail457PlansInfo"],"dependencies":["6fe50671-afec-4853-b2b7-17449d5bf107"],"dependents":[],"parameterHints":{"workflowName":{"value":"3d9791c6-62f2-4a14-8e92-df7054a3f3a6"},"workflowEntityId":{},"workflowDisplayName":{"value":"New Employee Onbaording: Send Email 457 Plans Info"},"6fe50671-afec-4853-b2b7-17449d5bf107":{"value":"shared_office365_1"}},"parameterHintsV2":{"workflowName":{"value":"3d9791c6-62f2-4a14-8e92-df7054a3f3a6"},"workflowEntityId":{},"workflowDisplayName":{"value":"New Employee Onbaording: Send Email 457 Plans Info"},"shared_office365_1":{"value":"6fe50671-afec-4853-b2b7-17449d5bf107"}},"isOnPremiseConnection":false,"bypassConsent":false,"dataSets":{},"apiTier":"Standard","isCustomApiConnection":false,"actions":["Run"],"nestedActions":[{"id":"/providers/Microsoft.PowerApps/apis/shared_office365/apiOperations/SendEmailV2","flowConnectionRef":"shared_office365_1","apiName":"Office 365 Outlook","actionName":"SendEmailV2","referencedResources":[]}]},"e44fef3a-7b9c-4caa-9de5-0c9cd92ec420":{"id":"cce7bd97-4a3f-430c-a54a-96b38bf1e575","displayName":"Logic flows","iconUri":"https://conn-afd-prod-endpoint-bmc9bqahasf3grgk.b01.azurefd.net/releases/v1.0.1725/1.0.1725.4004/logicflows/icon.png","dataSources":["NewEmployeeOnbaording:SendPaycomInfo"],"dependencies":["6fe50671-afec-4853-b2b7-17449d5bf107"],"dependents":[],"parameterHints":{"workflowName":{"value":"7356b534-d941-4027-b9a2-8809bf9c4dbe"},"workflowEntityId":{},"workflowDisplayName":{"value":"NewEmployeeOnbaording: Send Paycom Info"},"6fe50671-afec-4853-b2b7-17449d5bf107":{"value":"shared_office365"}},"parameterHintsV2":{"workflowName":{"value":"7356b534-d941-4027-b9a2-8809bf9c4dbe"},"workflowEntityId":{},"workflowDisplayName":{"value":"NewEmployeeOnbaording: Send Paycom Info"},"shared_office365":{"value":"6fe50671-afec-4853-b2b7-17449d5bf107"}},"isOnPremiseConnection":false,"bypassConsent":false,"dataSets":{},"apiTier":"Standard","isCustomApiConnection":false,"actions":["Run"],"nestedActions":[{"id":"/providers/Microsoft.PowerApps/apis/shared_office365/apiOperations/SendEmailV2","flowConnectionRef":"shared_office365","apiName":"Office 365 Outlook","actionName":"SendEmailV2","referencedResources":[]}]},"dde874f4-c217-4a10-81f2-dc813742634d":{"id":"cce7bd97-4a3f-430c-a54a-96b38bf1e575","displayName":"Logic flows","iconUri":"https://conn-afd-prod-endpoint-bmc9bqahasf3grgk.b01.azurefd.net/releases/v1.0.1725/1.0.1725.4004/logicflows/icon.png","dataSources":["NewEmployeeOnbaording:SendEmailScreeningInfo"],"dependencies":["35534e23-776e-42ea-bbcf-bd4893efdfb1","6fe50671-afec-4853-b2b7-17449d5bf107"],"dependents":[],"parameterHints":{"workflowName":{"value":"16f5dc23-cde9-44b3-8eb6-87ccbe3ce699"},"workflowEntityId":{},"workflowDisplayName":{"value":"New Employee Onbaording: Send Email Screening Info"},"35534e23-776e-42ea-bbcf-bd4893efdfb1":{"value":"shared_sharepointonline"},"6fe50671-afec-4853-b2b7-17449d5bf107":{"value":"shared_office365"}},"parameterHintsV2":{"workflowName":{"value":"16f5dc23-cde9-44b3-8eb6-87ccbe3ce699"},"workflowEntityId":{},"workflowDisplayName":{"value":"New Employee Onbaording: Send Email Screening Info"},"shared_sharepointonline":{"value":"35534e23-776e-42ea-bbcf-bd4893efdfb1"},"shared_office365":{"value":"6fe50671-afec-4853-b2b7-17449d5bf107"}},"isOnPremiseConnection":false,"bypassConsent":false,"dataSets":{},"apiTier":"Standard","isCustomApiConnection":false,"actions":["Run"],"nestedActions":[{"id":"/providers/Microsoft.PowerApps/apis/shared_sharepointonline/apiOperations/GetFileMetadata","flowConnectionRef":"shared_sharepointonline","apiName":"SharePoint","actionName":"GetFileMetadata","referencedResources":[{"key":"site","value":"https://communityessentials.sharepoint.com/sites/HumanResources"}]},{"id":"/providers/Microsoft.PowerApps/apis/shared_sharepointonline/apiOperations/GetFileContent","flowConnectionRef":"shared_sharepointonline","apiName":"SharePoint","actionName":"GetFileContent","referencedResources":[{"key":"site","value":"https://communityessentials.sharepoint.com/sites/HumanResources"}]},{"id":"/providers/Microsoft.PowerApps/apis/shared_office365/apiOperations/SendEmailV2","flowConnectionRef":"shared_office365","apiName":"Office 365 Outlook","actionName":"SendEmailV2","referencedResources":[]}]}},"databaseReferences":{"default.cds":{"databaseDetails":{"referenceType":"Environmental","environmentName":"default.cds","overrideValues":{"status":"NotSpecified","environmentVariableName":""}},"dataSources":{"43b0dc67-68af-47ae-9a9c-9e69d396ba3e":{"entitySetName":"msdyn_aimodels","logicalName":"msdyn_aimodel","isHidden":false},"aaecc619-18c9-476b-9b00-1226535c6d87":{"entitySetName":"organizations","logicalName":"organization","isHidden":false}}}},"almMode":"Environment","performanceOptimizationEnabled":false,"canConsumeAppPass":false,"enableModernRuntimeMode":false,"executionRestrictions":{"isTeamsOnly":false,"dataLossPreventionEvaluationResult":{"status":"Compliant","lastEvaluationDate":"2025-02-28T01:15:34.1528139Z","violations":[],"violationsByPolicy":[],"violationErrorMessage":"The app uses the following connectors: shared_office365, shared_office365groups, shared_planner, shared_sharepointonline, shared_office365users, shared_logicflows, shared_commondataservice."},"httpActionRestriction":{"appUsesSharepointHttpAction":false,"enforcementStrategy":"Legacy","evaluationTime":"2025-02-28T01:15:34.1526822Z"}}},"isAppComponentLibrary":false,"appType":"ClassicCanvasApp","appComponents":[]}}