{"name":"e4e78f63-408e-4e47-9809-f26835de4f79","id":"/providers/Microsoft.Flow/flows/e4e78f63-408e-4e47-9809-f26835de4f79","type":"Microsoft.Flow/flows","properties":{"apiId":"/providers/Microsoft.PowerApps/apis/shared_logicflows","displayName":"New Employee Onbaording: Send Email Screening Info","definition":{"metadata":{"workflowEntityId":null,"processAdvisorMetadata":null,"flowChargedByPaygo":null,"flowclientsuspensionreason":"None","flowclientsuspensiontime":null,"flowclientsuspensionreasondetails":null,"creator":{"id":"09ad3f3e-1491-46d7-a820-1efb551a67b6","type":"User","tenantId":"ce08ca1a-3a87-472b-affa-217b4d4793ce"},"provisioningMethod":"FromDefinition","failureAlertSubscription":true,"clientLastModifiedTime":"2025-02-05T21:48:34.8395068Z","connectionKeySavedTimeKey":"2025-02-05T21:48:34.8395068Z"},"$schema":"https://schema.management.azure.com/providers/Microsoft.Logic/schemas/2016-06-01/workflowdefinition.json#","contentVersion":"1.0.0.0","parameters":{"$authentication":{"defaultValue":{},"type":"SecureObject"},"$connections":{"defaultValue":{},"type":"Object"}},"triggers":{"manual":{"metadata":{"operationMetadataId":"68fa4fc7-2483-487d-b137-f3a29d71229b"},"type":"Request","kind":"PowerAppV2","inputs":{"schema":{"type":"object","properties":{"text":{"title":"New Hire Email","type":"string","x-ms-dynamically-added":true,"description":"Please enter your input","x-ms-content-hint":"TEXT"},"text_1":{"title":"Supervisor Email","type":"string","x-ms-dynamically-added":true,"description":"Please enter your input","x-ms-content-hint":"TEXT"},"text_2":{"title":"Department","type":"string","x-ms-dynamically-added":true,"description":"Please enter your input","x-ms-content-hint":"TEXT"},"text_3":{"title":"New Employee Name","type":"string","x-ms-dynamically-added":true,"description":"Please enter your input","x-ms-content-hint":"TEXT"}},"required":["text","text_1","text_2","text_3"]}}}},"actions":{"Compose_Collect_New_Hire_Email":{"runAfter":{},"metadata":{"operationMetadataId":"cccce5b6-17d2-4408-8460-cffae1f19a93"},"type":"Compose","inputs":"@triggerBody()['text']"},"Compose_Collect_Supervisor_Email":{"runAfter":{"Compose_Collect_New_Hire_Email":["Succeeded"]},"metadata":{"operationMetadataId":"5715e74c-5e65-48da-b5ca-b9e39974accd"},"type":"Compose","inputs":"@triggerBody()['text_1']"},"Get_file_Metadata_for_VOB_Background_Check_Authorization_and_Release.PDF":{"runAfter":{"Compose_Collect_New_Hire_Name":["Succeeded"]},"metadata":{"%252fShared%2bDocuments%252fGeneral%252fBackground%2bCheck%252fVOB%2bBackground%2bCheck%2bAuthorization%2band%2bRelease.PDF":"/Shared Documents/General/Background Check/VOB Background Check Authorization and Release.PDF","operationMetadataId":"e961610e-f47b-47c3-994b-74f1a5f0ca4d","%252fShared%2bDocuments%252fBackground%2bCheck%252fVOB%2bBackground%2bCheck%2bAuthorization%2band%2bRelease.PDF":"/Shared Documents/Background Check/VOB Background Check Authorization and Release.PDF"},"type":"OpenApiConnection","inputs":{"parameters":{"dataset":"https://communityessentials.sharepoint.com/sites/HumanResources","id":"%252fShared%2bDocuments%252fGeneral%252fBackground%2bCheck%252fVOB%2bBackground%2bCheck%2bAuthorization%2band%2bRelease.PDF"},"host":{"apiId":"/providers/Microsoft.PowerApps/apis/shared_sharepointonline","connectionName":"shared_sharepointonline","operationId":"GetFileMetadata"},"authentication":{"value":"@json(decodeBase64(triggerOutputs().headers['X-MS-APIM-Tokens']))['$ConnectionKey']","type":"Raw"}}},"Get_file_content_for_VOB_Background_Check_Authorization_and_Release.PDF":{"runAfter":{"Get_file_Metadata_for_VOB_Background_Check_Authorization_and_Release.PDF":["Succeeded"]},"metadata":{"%252fShared%2bDocuments%252fGeneral%252fBackground%2bCheck%252fVOB%2bBackground%2bCheck%2bAuthorization%2band%2bRelease.PDF":"/Shared Documents/General/Background Check/VOB Background Check Authorization and Release.PDF","operationMetadataId":"965cdd0c-5e03-47b2-980b-ec25f3986469","%252fShared%2bDocuments%252fBackground%2bCheck%252fVOB%2bBackground%2bCheck%2bAuthorization%2band%2bRelease.PDF":"/Shared Documents/Background Check/VOB Background Check Authorization and Release.PDF"},"type":"OpenApiConnection","inputs":{"parameters":{"dataset":"https://communityessentials.sharepoint.com/sites/HumanResources","id":"%252fShared%2bDocuments%252fGeneral%252fBackground%2bCheck%252fVOB%2bBackground%2bCheck%2bAuthorization%2band%2bRelease.PDF","inferContentType":true},"host":{"apiId":"/providers/Microsoft.PowerApps/apis/shared_sharepointonline","connectionName":"shared_sharepointonline","operationId":"GetFileContent"},"authentication":{"value":"@json(decodeBase64(triggerOutputs().headers['X-MS-APIM-Tokens']))['$ConnectionKey']","type":"Raw"}}},"Compose_Collect_New_Hire_Department":{"runAfter":{"Compose_Collect_Supervisor_Email":["Succeeded"]},"metadata":{"operationMetadataId":"6868e506-f5f6-4e20-8ecb-828f6ce40a39"},"type":"Compose","inputs":"@triggerBody()['text_2']"},"Condition_Fire_Dept":{"actions":{"Get_file_metadata_Fire_for_Treatment_Authorization_Form_":{"metadata":{"%252fShared%2bDocuments%252fGeneral%252fTreatment%2bAuthorization%252fTreatment%2bAuthorization%2bForm%2b-%2bFire.docx":"/Shared Documents/General/Treatment Authorization/Treatment Authorization Form - Fire.docx","operationMetadataId":"4b7c6e93-9208-46fd-8a0b-14af7c7f1976","%252fShared%2bDocuments%252fTreatment%2bAuthorization%252fTreatment%2bAuthorization%2bForm%2b-%2bFire.docx":"/Shared Documents/Treatment Authorization/Treatment Authorization Form - Fire.docx"},"type":"OpenApiConnection","inputs":{"parameters":{"dataset":"https://communityessentials.sharepoint.com/sites/HumanResources","id":"%252fShared%2bDocuments%252fGeneral%252fTreatment%2bAuthorization%252fTreatment%2bAuthorization%2bForm%2b-%2bFire.docx"},"host":{"apiId":"/providers/Microsoft.PowerApps/apis/shared_sharepointonline","connectionName":"shared_sharepointonline","operationId":"GetFileMetadata"},"authentication":{"value":"@json(decodeBase64(triggerOutputs().headers['X-MS-APIM-Tokens']))['$ConnectionKey']","type":"Raw"}}},"Get_file_content_Fire_for_Treatment_Authorization_Form_":{"runAfter":{"Get_file_metadata_Fire_for_Treatment_Authorization_Form_":["Succeeded"]},"metadata":{"%252fShared%2bDocuments%252fGeneral%252fTreatment%2bAuthorization%252fTreatment%2bAuthorization%2bForm%2b-%2bFire.docx":"/Shared Documents/General/Treatment Authorization/Treatment Authorization Form - Fire.docx","operationMetadataId":"77e7c511-fd06-4cc8-ac23-a8490ebc5a27","%252fShared%2bDocuments%252fTreatment%2bAuthorization%252fTreatment%2bAuthorization%2bForm%2b-%2bFire.docx":"/Shared Documents/Treatment Authorization/Treatment Authorization Form - Fire.docx"},"type":"OpenApiConnection","inputs":{"parameters":{"dataset":"https://communityessentials.sharepoint.com/sites/HumanResources","id":"%252fShared%2bDocuments%252fGeneral%252fTreatment%2bAuthorization%252fTreatment%2bAuthorization%2bForm%2b-%2bFire.docx","inferContentType":true},"host":{"apiId":"/providers/Microsoft.PowerApps/apis/shared_sharepointonline","connectionName":"shared_sharepointonline","operationId":"GetFileContent"},"authentication":{"value":"@json(decodeBase64(triggerOutputs().headers['X-MS-APIM-Tokens']))['$ConnectionKey']","type":"Raw"}}},"Send_an_email_(V2)":{"runAfter":{"Get_file_content_Fire_for_Treatment_Authorization_Form_":["Succeeded"]},"metadata":{"operationMetadataId":"dc06075c-4b1a-441a-bdfe-9b1c75e49a5b"},"type":"OpenApiConnection","inputs":{"parameters":{"emailMessage/To":"@outputs('Compose_Collect_New_Hire_Email')","emailMessage/Subject":"Background and Physical Screening","emailMessage/Body":"\n\n\n    <meta>\n    <meta>\n    <title>Pre-Employment Screening</title>\n    <style>\n        body {\n            font-family: 'Arial', sans-serif;\n            background-color: #f4f4f4;\n            margin: 0;\n            padding: 0;\n        }\n        .email-container {\n            max-width: 650px;\n            background-color: #ffffff;\n            margin: 30px auto;\n            padding: 30px;\n            border-radius: 12px;\n            box-shadow: 0px 6px 12px rgba(0, 0, 0, 0.1);\n        }\n        \n        /* Solid Dark Blue Header */\n        .header { \n            background: #064363; /* Dark Blue */\n            color: white; \n            padding: 20px; \n            display: flex; \n            align-items: center; \n            justify-content: center; /* Centers the title */\n            border-radius: 12px 12px 0 0; \n            text-align: center;\n        }\n\n        .logo { \n            max-width: 60px; \n            height: auto; \n            margin-right: 20px; \n        }\n\n        .header-title { \n            font-size: 22px; \n            font-weight: bold; \n            text-align: center; /* Ensures title is centered */\n        }\n\n        .content {\n            padding: 25px;\n            font-size: 16px;\n            color: #333;\n            text-align: left;\n            line-height: 1.6;\n        }\n        \n        /* Solid Dark Blue Footer */\n        .footer { \n            background: #064363; /* Dark Blue */\n            color: white; \n            text-align: center; \n            padding: 20px; \n            font-size: 15px; \n            font-weight: bold; \n            border-radius: 0 0 12px 12px; \n        }\n        .footer a { color: #ffeb3b; text-decoration: none; font-weight: bold; }\n        .footer a:hover { text-decoration: underline; }\n\n        a {\n            color: #003366;\n            font-weight: bold;\n            text-decoration: none;\n        }\n        a:hover {\n            text-decoration: underline;\n        }\n    </style>\n\n\n    <div class=\"email-container\">\n        \n        <!-- Header -->\n        <div class=\"header\">\n            <img class=\"logo\" src=\"https://www.mgpinc.com/wp-content/uploads/2024/03/MGPHeaderLogoMobile.png\" alt=\"Company Logo\">\n            <div class=\"header-title\">Welcome to Your New Role!</div>\n        </div>\n        \n        <!-- Content -->\n        <div class=\"content\">\n            <p>Dear <strong>@{outputs('Compose_Collect_New_Hire_Name')}</strong>,</p>\n\n            <p>Welcome to the team! As part of the onboarding process, we require you to complete a pre-employment screening, which includes a drug test, physical examination, and background check.</p>\n\n            <p><strong>Please find attached the necessary forms:</strong></p>\n            <ul>\n                <li>Background Check Authorization Form</li>\n                <li>Treatment Authorization Form</li>\n            </ul>\n\n            <p><strong>Next Steps:</strong></p>\n            <ol>\n                <li>Carefully review the instructions on each form.</li>\n                <li>Complete the required sections with your information.</li>\n                <li>Follow the instructions to schedule and complete the drug screening and physical examination at the designated location.</li>\n            </ol>\n\n            <p>If you have any questions or need assistance, do not hesitate to reach out to us at <a href=\"mailto:jeubanks@mgpinc.com\">jeubanks@mgpinc.com</a>.</p>\n\n            <p>We look forward to your successful completion of this process and your start with us!</p>\n\n            <p><strong>Best Regards,</strong><br>JonEric Eubanks<br><a href=\"mailto:jeubanks@mgpinc.com\">jeubanks@mgpinc.com</a></p>\n        </div>\n        \n        <!-- Footer -->\n        <div class=\"footer\">\n            Thank you for your prompt attention! <br>\n            For any inquiries, contact <a href=\"mailto:HR@mgpinc.com\">HR@mgpinc.com</a>.\n        </div>\n        \n    </div>\n\n\n","emailMessage/Cc":"@outputs('Compose_Collect_Supervisor_Email')","emailMessage/Attachments":[{"Name":"@outputs('Get_file_metadata_Fire_for_Treatment_Authorization_Form_')?['body/Name']","ContentBytes":"@body('Get_file_content_Fire_for_Treatment_Authorization_Form_')"},{"Name":"@outputs('Get_file_Metadata_for_VOB_Background_Check_Authorization_and_Release.PDF')?['body/Name']","ContentBytes":"@body('Get_file_content_for_VOB_Background_Check_Authorization_and_Release.PDF')"}],"emailMessage/Importance":"Normal"},"host":{"apiId":"/providers/Microsoft.PowerApps/apis/shared_office365","connectionName":"shared_office365","operationId":"SendEmailV2"},"authentication":{"value":"@json(decodeBase64(triggerOutputs().headers['X-MS-APIM-Tokens']))['$ConnectionKey']","type":"Raw"}}}},"runAfter":{"Get_file_content_for_VOB_Background_Check_Authorization_and_Release.PDF":["Succeeded"]},"else":{"actions":{}},"expression":{"equals":["@triggerBody()['text_2']","Fire"]},"metadata":{"operationMetadataId":"7d4441ec-de5a-44ad-8668-6a61abf13657"},"type":"If"},"Condition_Police_Dept":{"actions":{"Get_file_metadata_Police_for_Treatment_Authorization_Form_":{"metadata":{"%252fTreatment%2bAuthorizations%2bForm%252fTreatment%2bAuthorization%2bForm%2b-%2bPolice.docx":"/Treatment Authorizations Form/Treatment Authorization Form - Police.docx","operationMetadataId":"4b7c6e93-9208-46fd-8a0b-14af7c7f1976","%252fShared%2bDocuments%252fTreatment%2bAuthorization%252fTreatment%2bAuthorization%2bForm%2b-%2bPolice.docx":"/Shared Documents/Treatment Authorization/Treatment Authorization Form - Police.docx","%252fShared%2bDocuments%252fGeneral%252fTreatment%2bAuthorization%252fTreatment%2bAuthorization%2bForm%2b-%2bPolice.docx":"/Shared Documents/General/Treatment Authorization/Treatment Authorization Form - Police.docx"},"type":"OpenApiConnection","inputs":{"parameters":{"dataset":"https://communityessentials.sharepoint.com/sites/HumanResources","id":"%252fShared%2bDocuments%252fGeneral%252fTreatment%2bAuthorization%252fTreatment%2bAuthorization%2bForm%2b-%2bPolice.docx"},"host":{"apiId":"/providers/Microsoft.PowerApps/apis/shared_sharepointonline","connectionName":"shared_sharepointonline","operationId":"GetFileMetadata"},"authentication":{"value":"@json(decodeBase64(triggerOutputs().headers['X-MS-APIM-Tokens']))['$ConnectionKey']","type":"Raw"}}},"Get_file_content_Police_for_Treatment_Authorization_Form_":{"runAfter":{"Get_file_metadata_Police_for_Treatment_Authorization_Form_":["Succeeded"]},"metadata":{"%252fShared%2bDocuments%252fGeneral%252fTreatment%2bAuthorization%252fTreatment%2bAuthorization%2bForm%2b-%2bPolice.docx":"/Shared Documents/General/Treatment Authorization/Treatment Authorization Form - Police.docx","operationMetadataId":"e5742c7a-4de7-4735-99a8-e3b18b920157","%252fShared%2bDocuments%252fTreatment%2bAuthorization%252fTreatment%2bAuthorization%2bForm%2b-%2bPolice.docx":"/Shared Documents/Treatment Authorization/Treatment Authorization Form - Police.docx"},"type":"OpenApiConnection","inputs":{"parameters":{"dataset":"https://communityessentials.sharepoint.com/sites/HumanResources","id":"%252fShared%2bDocuments%252fGeneral%252fTreatment%2bAuthorization%252fTreatment%2bAuthorization%2bForm%2b-%2bPolice.docx","inferContentType":true},"host":{"apiId":"/providers/Microsoft.PowerApps/apis/shared_sharepointonline","connectionName":"shared_sharepointonline","operationId":"GetFileContent"},"authentication":{"value":"@json(decodeBase64(triggerOutputs().headers['X-MS-APIM-Tokens']))['$ConnectionKey']","type":"Raw"}}},"Send_an_email_(V2)_3":{"runAfter":{"Get_file_content_Police_for_Treatment_Authorization_Form_":["Succeeded"]},"metadata":{"operationMetadataId":"dc06075c-4b1a-441a-bdfe-9b1c75e49a5b"},"type":"OpenApiConnection","inputs":{"parameters":{"emailMessage/To":"@outputs('Compose_Collect_New_Hire_Email')","emailMessage/Subject":"Background and Physical Screening","emailMessage/Body":"\n\n\n    <meta>\n    <meta>\n    <title>Pre-Employment Screening</title>\n    <style>\n        body {\n            font-family: 'Arial', sans-serif;\n            background-color: #f4f4f4;\n            margin: 0;\n            padding: 0;\n        }\n        .email-container {\n            max-width: 650px;\n            background-color: #ffffff;\n            margin: 30px auto;\n            padding: 30px;\n            border-radius: 12px;\n            box-shadow: 0px 6px 12px rgba(0, 0, 0, 0.1);\n        }\n        \n        /* Solid Dark Blue Header */\n        .header { \n            background: #064363; /* Dark Blue */\n            color: white; \n            padding: 20px; \n            display: flex; \n            align-items: center; \n            justify-content: center; /* Centers the title */\n            border-radius: 12px 12px 0 0; \n            text-align: center;\n        }\n\n        .logo { \n            max-width: 60px; \n            height: auto; \n            margin-right: 20px; \n        }\n\n        .header-title { \n            font-size: 22px; \n            font-weight: bold; \n            text-align: center; /* Ensures title is centered */\n        }\n\n        .content {\n            padding: 25px;\n            font-size: 16px;\n            color: #333;\n            text-align: left;\n            line-height: 1.6;\n        }\n        \n        /* Solid Dark Blue Footer */\n        .footer { \n            background: #064363; /* Dark Blue */\n            color: white; \n            text-align: center; \n            padding: 20px; \n            font-size: 15px; \n            font-weight: bold; \n            border-radius: 0 0 12px 12px; \n        }\n        .footer a { color: #ffeb3b; text-decoration: none; font-weight: bold; }\n        .footer a:hover { text-decoration: underline; }\n\n        a {\n            color: #003366;\n            font-weight: bold;\n            text-decoration: none;\n        }\n        a:hover {\n            text-decoration: underline;\n        }\n    </style>\n\n\n    <div class=\"email-container\">\n        \n        <!-- Header -->\n        <div class=\"header\">\n            <img class=\"logo\" src=\"https://www.mgpinc.com/wp-content/uploads/2024/03/MGPHeaderLogoMobile.png\" alt=\"Company Logo\">\n            <div class=\"header-title\">Welcome to Your New Role!</div>\n        </div>\n        \n        <!-- Content -->\n        <div class=\"content\">\n            <p>Dear <strong>@{outputs('Compose_Collect_New_Hire_Name')}</strong>,</p>\n\n            <p>Welcome to the team! As part of the onboarding process, we require you to complete a pre-employment screening, which includes a drug test, physical examination, and background check.</p>\n\n            <p><strong>Please find attached the necessary forms:</strong></p>\n            <ul>\n                <li>Background Check Authorization Form</li>\n                <li>Treatment Authorization Form</li>\n            </ul>\n\n            <p><strong>Next Steps:</strong></p>\n            <ol>\n                <li>Carefully review the instructions on each form.</li>\n                <li>Complete the required sections with your information.</li>\n                <li>Follow the instructions to schedule and complete the drug screening and physical examination at the designated location.</li>\n            </ol>\n\n            <p>If you have any questions or need assistance, do not hesitate to reach out to us at <a href=\"mailto:jeubanks@mgpinc.com\">jeubanks@mgpinc.com</a>.</p>\n\n            <p>We look forward to your successful completion of this process and your start with us!</p>\n\n            <p><strong>Best Regards,</strong><br>JonEric Eubanks<br><a href=\"mailto:jeubanks@mgpinc.com\">jeubanks@mgpinc.com</a></p>\n        </div>\n        \n        <!-- Footer -->\n        <div class=\"footer\">\n            Thank you for your prompt attention! <br>\n            For any inquiries, contact <a href=\"mailto:HR@mgpinc.com\">HR@mgpinc.com</a>.\n        </div>\n        \n    </div>\n\n\n","emailMessage/Cc":"@outputs('Compose_Collect_Supervisor_Email')","emailMessage/Attachments":[{"Name":"@outputs('Get_file_metadata_Police_for_Treatment_Authorization_Form_')?['body/Name']","ContentBytes":"@body('Get_file_content_Police_for_Treatment_Authorization_Form_')"},{"Name":"@outputs('Get_file_Metadata_for_VOB_Background_Check_Authorization_and_Release.PDF')?['body/Name']","ContentBytes":"@body('Get_file_content_for_VOB_Background_Check_Authorization_and_Release.PDF')"}],"emailMessage/Importance":"Normal"},"host":{"apiId":"/providers/Microsoft.PowerApps/apis/shared_office365","connectionName":"shared_office365","operationId":"SendEmailV2"},"authentication":{"value":"@json(decodeBase64(triggerOutputs().headers['X-MS-APIM-Tokens']))['$ConnectionKey']","type":"Raw"}}}},"runAfter":{"Get_file_content_for_VOB_Background_Check_Authorization_and_Release.PDF":["Succeeded"]},"else":{"actions":{}},"expression":{"equals":["@triggerBody()['text_2']","Police"]},"metadata":{"operationMetadataId":"10d083e4-4033-48fc-a9b2-9111f3f1d3fa"},"type":"If"},"Condition_PW_Dept":{"actions":{"Get_file_metadata_PW__for_Treatment_Authorization_Form_":{"metadata":{"%252fTreatment%2bAuthorizations%2bForm%252fTreatment%2bAuthorization%2bForm%2b-%2bPublic%2bWorks.docx":"/Treatment Authorizations Form/Treatment Authorization Form - Public Works.docx","operationMetadataId":"de496bfc-b077-4e2b-bdb5-b361143729cc","%252fShared%2bDocuments%252fTreatment%2bAuthorization%252fTreatment%2bAuthorization%2bForm%2b-%2bPublic%2bWorks.docx":"/Shared Documents/Treatment Authorization/Treatment Authorization Form - Public Works.docx","%252fShared%2bDocuments%252fGeneral%252fTreatment%2bAuthorization%252fTreatment%2bAuthorization%2bForm%2b-%2bPublic%2bWorks.docx":"/Shared Documents/General/Treatment Authorization/Treatment Authorization Form - Public Works.docx"},"type":"OpenApiConnection","inputs":{"parameters":{"dataset":"https://communityessentials.sharepoint.com/sites/HumanResources","id":"%252fShared%2bDocuments%252fGeneral%252fTreatment%2bAuthorization%252fTreatment%2bAuthorization%2bForm%2b-%2bPublic%2bWorks.docx"},"host":{"apiId":"/providers/Microsoft.PowerApps/apis/shared_sharepointonline","connectionName":"shared_sharepointonline","operationId":"GetFileMetadata"},"authentication":{"value":"@json(decodeBase64(triggerOutputs().headers['X-MS-APIM-Tokens']))['$ConnectionKey']","type":"Raw"}}},"Get_file_content_PW_for_Treatment_Authorization_Form_":{"runAfter":{"Get_file_metadata_PW__for_Treatment_Authorization_Form_":["Succeeded"]},"metadata":{"%252fTreatment%2bAuthorizations%2bForm%252fTreatment%2bAuthorization%2bForm%2b-%2bPublic%2bWorks.docx":"/Treatment Authorizations Form/Treatment Authorization Form - Public Works.docx","operationMetadataId":"965c281f-288e-46e2-8328-693bfa4be509","%252fShared%2bDocuments%252fTreatment%2bAuthorization%252fTreatment%2bAuthorization%2bForm%2b-%2bPublic%2bWorks.docx":"/Shared Documents/Treatment Authorization/Treatment Authorization Form - Public Works.docx","%252fShared%2bDocuments%252fGeneral%252fTreatment%2bAuthorization%252fTreatment%2bAuthorization%2bForm%2b-%2bPublic%2bWorks.docx":"/Shared Documents/General/Treatment Authorization/Treatment Authorization Form - Public Works.docx"},"type":"OpenApiConnection","inputs":{"parameters":{"dataset":"https://communityessentials.sharepoint.com/sites/HumanResources","id":"%252fShared%2bDocuments%252fGeneral%252fTreatment%2bAuthorization%252fTreatment%2bAuthorization%2bForm%2b-%2bPublic%2bWorks.docx","inferContentType":true},"host":{"apiId":"/providers/Microsoft.PowerApps/apis/shared_sharepointonline","connectionName":"shared_sharepointonline","operationId":"GetFileContent"},"authentication":{"value":"@json(decodeBase64(triggerOutputs().headers['X-MS-APIM-Tokens']))['$ConnectionKey']","type":"Raw"}}},"Send_an_email_(V2)_4":{"runAfter":{"Get_file_content_PW_for_Treatment_Authorization_Form_":["Succeeded"]},"metadata":{"operationMetadataId":"dc06075c-4b1a-441a-bdfe-9b1c75e49a5b"},"type":"OpenApiConnection","inputs":{"parameters":{"emailMessage/To":"@outputs('Compose_Collect_New_Hire_Email')","emailMessage/Subject":"Village of Brookfield Required Documentation and Instructions for Pre-Employment Screening","emailMessage/Body":"\n\n\n    <meta>\n    <meta>\n    <title>Pre-Employment Screening</title>\n    <style>\n        body {\n            font-family: 'Arial', sans-serif;\n            background-color: #f4f4f4;\n            margin: 0;\n            padding: 0;\n        }\n        .email-container {\n            max-width: 650px;\n            background-color: #ffffff;\n            margin: 30px auto;\n            padding: 30px;\n            border-radius: 12px;\n            box-shadow: 0px 6px 12px rgba(0, 0, 0, 0.1);\n        }\n        \n        /* Solid Dark Blue Header */\n        .header { \n            background: #064363; /* Dark Blue */\n            color: white; \n            padding: 20px; \n            display: flex; \n            align-items: center; \n            justify-content: center; /* Centers the title */\n            border-radius: 12px 12px 0 0; \n            text-align: center;\n        }\n\n        .logo { \n            max-width: 60px; \n            height: auto; \n            margin-right: 20px; \n        }\n\n        .header-title { \n            font-size: 22px; \n            font-weight: bold; \n            text-align: center; /* Ensures title is centered */\n        }\n\n        .content {\n            padding: 25px;\n            font-size: 16px;\n            color: #333;\n            text-align: left;\n            line-height: 1.6;\n        }\n        \n        /* Solid Dark Blue Footer */\n        .footer { \n            background: #064363; /* Dark Blue */\n            color: white; \n            text-align: center; \n            padding: 20px; \n            font-size: 15px; \n            font-weight: bold; \n            border-radius: 0 0 12px 12px; \n        }\n        .footer a { color: #ffeb3b; text-decoration: none; font-weight: bold; }\n        .footer a:hover { text-decoration: underline; }\n\n        a {\n            color: #003366;\n            font-weight: bold;\n            text-decoration: none;\n        }\n        a:hover {\n            text-decoration: underline;\n        }\n    </style>\n\n\n    <div class=\"email-container\">\n        \n        <!-- Header -->\n        <div class=\"header\">\n            <img class=\"logo\" src=\"https://www.mgpinc.com/wp-content/uploads/2024/03/MGPHeaderLogoMobile.png\" alt=\"Company Logo\">\n            <div class=\"header-title\">Welcome to Your New Role!</div>\n        </div>\n        \n        <!-- Content -->\n        <div class=\"content\">\n            <p>Dear <strong>@{outputs('Compose_Collect_New_Hire_Name')}</strong>,</p>\n\n            <p>Welcome to the team! As part of the onboarding process, we require you to complete a pre-employment screening, which includes a drug test, physical examination, and background check.</p>\n\n            <p><strong>Please find attached the necessary forms:</strong></p>\n            <ul>\n                <li>Background Check Authorization Form</li>\n                <li>Treatment Authorization Form</li>\n            </ul>\n\n            <p><strong>Next Steps:</strong></p>\n            <ol>\n                <li>Carefully review the instructions on each form.</li>\n                <li>Complete the required sections with your information.</li>\n                <li>Follow the instructions to schedule and complete the drug screening and physical examination at the designated location.</li>\n            </ol>\n\n            <p>If you have any questions or need assistance, do not hesitate to reach out to us at <a href=\"mailto:jeubanks@mgpinc.com\">jeubanks@mgpinc.com</a>.</p>\n\n            <p>We look forward to your successful completion of this process and your start with us!</p>\n\n            <p><strong>Best Regards,</strong><br>JonEric Eubanks<br><a href=\"mailto:jeubanks@mgpinc.com\">jeubanks@mgpinc.com</a></p>\n        </div>\n        \n        <!-- Footer -->\n        <div class=\"footer\">\n            Thank you for your prompt attention! <br>\n            For any inquiries, contact <a href=\"mailto:HR@mgpinc.com\">HR@mgpinc.com</a>.\n        </div>\n        \n    </div>\n\n\n","emailMessage/Cc":"@outputs('Compose_Collect_Supervisor_Email')","emailMessage/Attachments":[{"Name":"@outputs('Get_file_metadata_PW__for_Treatment_Authorization_Form_')?['body/Name']","ContentBytes":"@body('Get_file_content_PW_for_Treatment_Authorization_Form_')"},{"Name":"@outputs('Get_file_Metadata_for_VOB_Background_Check_Authorization_and_Release.PDF')?['body/Name']","ContentBytes":"@body('Get_file_content_for_VOB_Background_Check_Authorization_and_Release.PDF')"}],"emailMessage/Importance":"Normal"},"host":{"apiId":"/providers/Microsoft.PowerApps/apis/shared_office365","connectionName":"shared_office365","operationId":"SendEmailV2"},"authentication":{"value":"@json(decodeBase64(triggerOutputs().headers['X-MS-APIM-Tokens']))['$ConnectionKey']","type":"Raw"}}}},"runAfter":{"Get_file_content_for_VOB_Background_Check_Authorization_and_Release.PDF":["Succeeded"]},"else":{"actions":{"Get_file_metadata_Admin_for_Treatment_Authorization_Form_":{"metadata":{"%252fTreatment%2bAuthorizations%2bForm%252fTreatment%2bAuthorization%2bForm%2b-%2bAdmin.docx":"/Treatment Authorizations Form/Treatment Authorization Form - Admin.docx","operationMetadataId":"5d06e931-4e32-4488-aa61-ecb336ae891b","%252fShared%2bDocuments%252fTreatment%2bAuthorization%252fTreatment%2bAuthorization%2bForm%2b-%2bAdmin.docx":"/Shared Documents/Treatment Authorization/Treatment Authorization Form - Admin.docx","%252fShared%2bDocuments%252fGeneral%252fTreatment%2bAuthorization%252fTreatment%2bAuthorization%2bForm%2b-%2bAdmin.docx":"/Shared Documents/General/Treatment Authorization/Treatment Authorization Form - Admin.docx"},"type":"OpenApiConnection","inputs":{"parameters":{"dataset":"https://communityessentials.sharepoint.com/sites/HumanResources","id":"%252fShared%2bDocuments%252fGeneral%252fTreatment%2bAuthorization%252fTreatment%2bAuthorization%2bForm%2b-%2bAdmin.docx"},"host":{"apiId":"/providers/Microsoft.PowerApps/apis/shared_sharepointonline","connectionName":"shared_sharepointonline","operationId":"GetFileMetadata"},"authentication":{"value":"@json(decodeBase64(triggerOutputs().headers['X-MS-APIM-Tokens']))['$ConnectionKey']","type":"Raw"}}},"Get_file_content_Admin_for_Treatment_Authorization_Form_":{"runAfter":{"Get_file_metadata_Admin_for_Treatment_Authorization_Form_":["Succeeded"]},"metadata":{"%252fTreatment%2bAuthorizations%2bForm%252fTreatment%2bAuthorization%2bForm%2b-%2bAdmin.docx":"/Treatment Authorizations Form/Treatment Authorization Form - Admin.docx","operationMetadataId":"99c8ca60-e8ef-47a6-8a5b-30a0a7dd15c1","%252fShared%2bDocuments%252fTreatment%2bAuthorization%252fTreatment%2bAuthorization%2bForm%2b-%2bAdmin.docx":"/Shared Documents/Treatment Authorization/Treatment Authorization Form - Admin.docx","%252fShared%2bDocuments%252fGeneral%252fTreatment%2bAuthorization%252fTreatment%2bAuthorization%2bForm%2b-%2bAdmin.docx":"/Shared Documents/General/Treatment Authorization/Treatment Authorization Form - Admin.docx"},"type":"OpenApiConnection","inputs":{"parameters":{"dataset":"https://communityessentials.sharepoint.com/sites/HumanResources","id":"%252fShared%2bDocuments%252fGeneral%252fTreatment%2bAuthorization%252fTreatment%2bAuthorization%2bForm%2b-%2bAdmin.docx","inferContentType":true},"host":{"apiId":"/providers/Microsoft.PowerApps/apis/shared_sharepointonline","connectionName":"shared_sharepointonline","operationId":"GetFileContent"},"authentication":{"value":"@json(decodeBase64(triggerOutputs().headers['X-MS-APIM-Tokens']))['$ConnectionKey']","type":"Raw"}}},"Send_an_email_(V2)_5":{"runAfter":{"Get_file_content_Admin_for_Treatment_Authorization_Form_":["Succeeded"]},"metadata":{"operationMetadataId":"dc06075c-4b1a-441a-bdfe-9b1c75e49a5b"},"type":"OpenApiConnection","inputs":{"parameters":{"emailMessage/To":"@outputs('Compose_Collect_New_Hire_Email')","emailMessage/Subject":"Background and Physical Screening","emailMessage/Body":"\n\n\n    <meta>\n    <meta>\n    <title>Pre-Employment Screening</title>\n    <style>\n        body {\n            font-family: 'Arial', sans-serif;\n            background-color: #f4f4f4;\n            margin: 0;\n            padding: 0;\n        }\n        .email-container {\n            max-width: 650px;\n            background-color: #ffffff;\n            margin: 30px auto;\n            padding: 30px;\n            border-radius: 12px;\n            box-shadow: 0px 6px 12px rgba(0, 0, 0, 0.1);\n        }\n        \n        /* Solid Dark Blue Header */\n        .header { \n            background: #064363; /* Dark Blue */\n            color: white; \n            padding: 20px; \n            display: flex; \n            align-items: center; \n            justify-content: center; /* Centers the title */\n            border-radius: 12px 12px 0 0; \n            text-align: center;\n        }\n\n        .logo { \n            max-width: 60px; \n            height: auto; \n            margin-right: 20px; \n        }\n\n        .header-title { \n            font-size: 22px; \n            font-weight: bold; \n            text-align: center; /* Ensures title is centered */\n        }\n\n        .content {\n            padding: 25px;\n            font-size: 16px;\n            color: #333;\n            text-align: left;\n            line-height: 1.6;\n        }\n        \n        /* Solid Dark Blue Footer */\n        .footer { \n            background: #064363; /* Dark Blue */\n            color: white; \n            text-align: center; \n            padding: 20px; \n            font-size: 15px; \n            font-weight: bold; \n            border-radius: 0 0 12px 12px; \n        }\n        .footer a { color: #ffeb3b; text-decoration: none; font-weight: bold; }\n        .footer a:hover { text-decoration: underline; }\n\n        a {\n            color: #003366;\n            font-weight: bold;\n            text-decoration: none;\n        }\n        a:hover {\n            text-decoration: underline;\n        }\n    </style>\n\n\n    <div class=\"email-container\">\n        \n        <!-- Header -->\n        <div class=\"header\">\n            <img class=\"logo\" src=\"https://www.mgpinc.com/wp-content/uploads/2024/03/MGPHeaderLogoMobile.png\" alt=\"Company Logo\">\n            <div class=\"header-title\">Welcome to Your New Role!</div>\n        </div>\n        \n        <!-- Content -->\n        <div class=\"content\">\n            <p>Dear <strong>@{outputs('Compose_Collect_New_Hire_Name')}</strong>,</p>\n\n            <p>Welcome to the team! As part of the onboarding process, we require you to complete a pre-employment screening, which includes a drug test, physical examination, and background check.</p>\n\n            <p><strong>Please find attached the necessary forms:</strong></p>\n            <ul>\n                <li>Background Check Authorization Form</li>\n                <li>Treatment Authorization Form</li>\n            </ul>\n\n            <p><strong>Next Steps:</strong></p>\n            <ol>\n                <li>Carefully review the instructions on each form.</li>\n                <li>Complete the required sections with your information.</li>\n                <li>Follow the instructions to schedule and complete the drug screening and physical examination at the designated location.</li>\n            </ol>\n\n            <p>If you have any questions or need assistance, do not hesitate to reach out to us at <a href=\"mailto:jeubanks@mgpinc.com\">jeubanks@mgpinc.com</a>.</p>\n\n            <p>We look forward to your successful completion of this process and your start with us!</p>\n\n            <p><strong>Best Regards,</strong><br>JonEric Eubanks<br><a href=\"mailto:jeubanks@mgpinc.com\">jeubanks@mgpinc.com</a></p>\n        </div>\n        \n        <!-- Footer -->\n        <div class=\"footer\">\n            Thank you for your prompt attention! <br>\n            For any inquiries, contact <a href=\"mailto:HR@mgpinc.com\">HR@mgpinc.com</a>.\n        </div>\n        \n    </div>\n\n\n","emailMessage/Cc":"@outputs('Compose_Collect_Supervisor_Email')","emailMessage/Attachments":[{"Name":"@outputs('Get_file_metadata_Admin_for_Treatment_Authorization_Form_')?['body/Name']","ContentBytes":"@body('Get_file_content_Admin_for_Treatment_Authorization_Form_')"},{"Name":"@outputs('Get_file_Metadata_for_VOB_Background_Check_Authorization_and_Release.PDF')?['body/Name']","ContentBytes":"@body('Get_file_content_for_VOB_Background_Check_Authorization_and_Release.PDF')"}],"emailMessage/Importance":"Normal"},"host":{"apiId":"/providers/Microsoft.PowerApps/apis/shared_office365","connectionName":"shared_office365","operationId":"SendEmailV2"},"authentication":{"value":"@json(decodeBase64(triggerOutputs().headers['X-MS-APIM-Tokens']))['$ConnectionKey']","type":"Raw"}}}}},"expression":{"equals":["@triggerBody()['text_2']","Public Works"]},"metadata":{"operationMetadataId":"47e45444-8abd-4d42-8145-23876d23b04c"},"type":"If"},"Compose_Collect_New_Hire_Name":{"runAfter":{"Compose_Collect_New_Hire_Department":["Succeeded"]},"metadata":{"operationMetadataId":"57a20d84-6c71-4e43-b364-046dc893cce9"},"type":"Compose","inputs":"@triggerBody()['text_3']"}},"description":""},"connectionReferences":{"shared_sharepointonline":{"connectionName":"f3d023831e8c41fa989e1127c30d86e0","source":"Invoker","id":"/providers/Microsoft.PowerApps/apis/shared_sharepointonline","tier":"NotSpecified","apiName":"sharepointonline"},"shared_office365":{"connectionName":"83995602b8d4403bbbbcf324e46a386d","source":"Invoker","id":"/providers/Microsoft.PowerApps/apis/shared_office365","tier":"NotSpecified","apiName":"office365"}},"flowFailureAlertSubscribed":false,"isManaged":false}}