{"name":"d55400a1-dcf0-4df9-b8e3-9c0a1247d183","id":"/providers/Microsoft.Flow/flows/d55400a1-dcf0-4df9-b8e3-9c0a1247d183","type":"Microsoft.Flow/flows","properties":{"apiId":"/providers/Microsoft.PowerApps/apis/shared_logicflows","displayName":"NewEmployeeOnbaording: Send Paycom Info","definition":{"metadata":{"workflowEntityId":null,"processAdvisorMetadata":null,"flowChargedByPaygo":null,"flowclientsuspensionreason":"None","flowclientsuspensiontime":null,"flowclientsuspensionreasondetails":null,"creator":{"id":"09ad3f3e-1491-46d7-a820-1efb551a67b6","type":"User","tenantId":"ce08ca1a-3a87-472b-affa-217b4d4793ce"},"provisioningMethod":"FromDefinition","failureAlertSubscription":true,"clientLastModifiedTime":"2025-02-07T20:24:01.7224096Z","connectionKeySavedTimeKey":"2025-02-07T20:24:01.7224096Z"},"$schema":"https://schema.management.azure.com/providers/Microsoft.Logic/schemas/2016-06-01/workflowdefinition.json#","contentVersion":"1.0.0.0","parameters":{"$authentication":{"defaultValue":{},"type":"SecureObject"},"$connections":{"defaultValue":{},"type":"Object"}},"triggers":{"manual":{"metadata":{"operationMetadataId":"3582a8e7-f360-42e8-afae-12c9e23abdc0"},"type":"Request","kind":"PowerAppV2","inputs":{"schema":{"type":"object","properties":{"text":{"title":"New Hire Email","type":"string","x-ms-dynamically-added":true,"description":"Please enter your input","x-ms-content-hint":"TEXT"},"text_1":{"title":"Supervisor Email","type":"string","x-ms-dynamically-added":true,"description":"Please enter your input","x-ms-content-hint":"TEXT"},"text_2":{"title":"Department","type":"string","x-ms-dynamically-added":true,"description":"Please enter your input","x-ms-content-hint":"TEXT"},"text_3":{"title":"New Employee Name","type":"string","x-ms-dynamically-added":true,"description":"Please enter your input","x-ms-content-hint":"TEXT"}},"required":["text","text_1","text_2","text_3"]}}}},"actions":{"Compose_Collect_New_Hire_Email":{"runAfter":{},"metadata":{"operationMetadataId":"351313d3-d77c-4c01-8f43-8c75f2e85c1f"},"type":"Compose","inputs":"@triggerBody()['text']"},"Compose_Collect_Supervisor_Email":{"runAfter":{"Compose_Collect_New_Hire_Email":["Succeeded"]},"metadata":{"operationMetadataId":"7d9018ce-80c8-43bd-9f67-b9c76cf18482"},"type":"Compose","inputs":"@triggerBody()['text_1']"},"Compose_Collect_New_Hire_Department":{"runAfter":{"Compose_Collect_Supervisor_Email":["Succeeded"]},"metadata":{"operationMetadataId":"f275aed7-a6ab-4f48-b3d1-280c289cb39d"},"type":"Compose","inputs":"@triggerBody()['text_2']"},"Compose_Collect_New_Hire_Name":{"runAfter":{"Compose_Collect_New_Hire_Department":["Succeeded"]},"metadata":{"operationMetadataId":"c3b61b0f-37f1-462f-a2f7-084eb774a200"},"type":"Compose","inputs":"@triggerBody()['text_3']"},"Send_an_email_(V2)":{"runAfter":{"Compose_Collect_New_Hire_Name":["Succeeded"]},"metadata":{"operationMetadataId":"41af7a93-5d14-4ea4-bf9a-3acbf1367d43"},"type":"OpenApiConnection","inputs":{"parameters":{"emailMessage/To":"@outputs('Compose_Collect_New_Hire_Email')","emailMessage/Subject":"Next Steps: Inputting Your Information into Our Paycom System","emailMessage/Body":"<p class=\"editor-paragraph\">Dear @{outputs('Compose_Collect_New_Hire_Name')},<br><br>You will receive an email from Paycom titled <b><strong class=\"editor-text-bold\">“Welcome to the Village of MGP”</strong></b> to complete the onboarding process (new hire paperwork). &nbsp;Please complete this at your earliest convenience. If you do not receive the email, please let me know.<br><br><br>Thanks!<br>JonEric Eubanks<br>MGP Inc</p>","emailMessage/Cc":"@outputs('Compose_Collect_Supervisor_Email')","emailMessage/Importance":"Normal"},"host":{"apiId":"/providers/Microsoft.PowerApps/apis/shared_office365","connectionName":"shared_office365","operationId":"SendEmailV2"},"authentication":{"value":"@json(decodeBase64(triggerOutputs().headers['X-MS-APIM-Tokens']))['$ConnectionKey']","type":"Raw"}}}}},"connectionReferences":{"shared_office365":{"connectionName":"83995602b8d4403bbbbcf324e46a386d","source":"Invoker","id":"/providers/Microsoft.PowerApps/apis/shared_office365","tier":"NotSpecified","apiName":"office365"}},"flowFailureAlertSubscribed":false,"isManaged":false}}