{"name":"f33b2cc4-6994-480f-8db4-e4a9e2203549","id":"/providers/Microsoft.Flow/flows/f33b2cc4-6994-480f-8db4-e4a9e2203549","type":"Microsoft.Flow/flows","properties":{"apiId":"/providers/Microsoft.PowerApps/apis/shared_logicflows","displayName":"New Employee Onbaording: Send Email 457 Plans Info","definition":{"metadata":{"workflowEntityId":null,"processAdvisorMetadata":null,"flowChargedByPaygo":null,"flowclientsuspensionreason":"None","flowclientsuspensiontime":null,"flowclientsuspensionreasondetails":null,"creator":{"id":"09ad3f3e-1491-46d7-a820-1efb551a67b6","type":"User","tenantId":"ce08ca1a-3a87-472b-affa-217b4d4793ce"},"provisioningMethod":"FromDefinition","failureAlertSubscription":true,"clientLastModifiedTime":"2025-02-05T20:20:21.7113597Z","connectionKeySavedTimeKey":"2025-02-05T20:20:21.7113597Z"},"$schema":"https://schema.management.azure.com/providers/Microsoft.Logic/schemas/2016-06-01/workflowdefinition.json#","contentVersion":"1.0.0.0","parameters":{"$connections":{"defaultValue":{},"type":"Object"},"$authentication":{"defaultValue":{},"type":"SecureObject"}},"triggers":{"manual":{"metadata":{"operationMetadataId":"47d7dc24-9ac4-48e2-a52f-d36aa49152b8"},"type":"Request","kind":"PowerAppV2","inputs":{"schema":{"type":"object","properties":{"text":{"title":"New Hire Email","type":"string","x-ms-dynamically-added":true,"description":"Please enter your input","x-ms-content-hint":"TEXT"},"text_1":{"title":"Supervisor Email","type":"string","x-ms-dynamically-added":true,"description":"Please enter your input","x-ms-content-hint":"TEXT"},"text_2":{"title":"New Employee Name","type":"string","x-ms-dynamically-added":true,"description":"Please enter your input","x-ms-content-hint":"TEXT"}},"required":["text","text_1","text_2"]}}}},"actions":{"Compose_Collect_New_Hire_Email":{"runAfter":{},"metadata":{"operationMetadataId":"40fcffb6-7e59-4968-8ec9-5984378c308f"},"type":"Compose","inputs":"@triggerBody()['text']"},"Compose_Collect_Supervisor_Email":{"runAfter":{"Compose_Collect_New_Hire_Email":["Succeeded"]},"metadata":{"operationMetadataId":"e2bd666d-b73c-471e-805c-e661b0372657"},"type":"Compose","inputs":"@triggerBody()['text_1']"},"Compose_Collect_New_Hire_Name":{"runAfter":{"Compose_Collect_Supervisor_Email":["Succeeded"]},"metadata":{"operationMetadataId":"e794ac89-09fd-453f-aa2d-f705cb7fa9b2"},"type":"Compose","inputs":"@triggerBody()['text_2']"},"Send_an_email_(V2)":{"runAfter":{"Compose_Collect_New_Hire_Name":["Succeeded"]},"metadata":{"operationMetadataId":"b5eb4785-c68f-42e0-a7f1-d3b59af1e163"},"type":"OpenApiConnection","inputs":{"host":{"apiId":"/providers/Microsoft.PowerApps/apis/shared_office365","connectionName":"shared_office365_1","operationId":"SendEmailV2"},"parameters":{"emailMessage/To":"@outputs('Compose_Collect_New_Hire_Email')","emailMessage/Subject":"Optional Deferred Compensation Plans","emailMessage/Body":"<p>Dear @{outputs('Compose_Collect_New_Hire_Name')}<br>\n<br>\nThanks for stopping by! &nbsp;The Village of Brookfield offers three optional deferred compensation plans. &nbsp;Please see below links and attached brochures. &nbsp;With the 457 plans (deferred compensation) the contributions that you would make are taken from your paycheck on a pre-tax basis. &nbsp;The Village does not match the amounts.<br>\n<br>\nIf you are interested in learning more about these plans or have questions, I am happy to connect you with the correct representative for each plan as they would be better to answer your questions or provide specific information. &nbsp;&nbsp;<br>\n<br>\nPlease let me know if you have any questions.<br>\n<br>\nThanks<br>\nBrad Mitchell<br>\nVillage of Brookfield<br>\n<br>\n<br>\nMissionSquare Retirement (Formerly ICMA-RC)<br>\n<a href=\"https://www.icmarc.org/missionsquare-retirement.html\">MissionSquare Retirement | MissionSquare Retirement (icmarc.org)</a><br>\n<br>\nNPPFA Benefits<br>\n<a href=\"https://ippfa.org/services/ippfa-benefits/\">IPPFA Benefits - IPPFA</a><br>\n<br>\nVoya Financial Advi &nbsp;sor s<br>\n<a href=\"http://Voya.com\">Voya Financial: Plan, Invest, Protect | Voya.com</a><br>\n<br>\n<br>\n<strong>Join your Village of Brookfield 457 Plan today!</strong><br>\nAll you need to get started is your plan number:<br>\n<strong>305272</strong><br>\nMake a note of this number and take an important first step on your retirement journey.<br>\n<br>\n&nbsp;&nbsp;&nbsp;&nbsp;&nbsp;&nbsp;&nbsp;&nbsp;&nbsp;&nbsp;&nbsp;&nbsp;&nbsp;&nbsp;&nbsp;&nbsp;&nbsp;&nbsp;&nbsp;&nbsp;&nbsp;&nbsp;&nbsp;&nbsp;&nbsp;&nbsp;&nbsp;&nbsp;&nbsp;&nbsp;&nbsp;<a href=\"https://accountaccess.icmarc.org/enroll/identify.jsp?utm_source=outlook&amp;utm_medium=email&amp;utm_campaign=StartYourJourney-202107&amp;utm_content=JoinMyPlanButton\"><u><strong>&nbsp;Join my plan</strong></u></a><br>\n<br>\nFor more in formation, contact your dedicated MissionSquare representative.<br>\n<br>\nContact:<br>\nChristopher O’Banner<br>\nRetirement Plans Specialist<br>\n202-962-4619<br>\n<a href=\"mailto:cobanner@missionsq.org\">cobanner@missionsq.org</a><br>\n<br>\n<strong>MissionSquare is here to help</strong><br>\n<br>\nFor information about the investment options available to your plan, go to <a href=\"http://www.icmarc.org/fundinfo\">www.icmarc.org/fundinfo&nbsp;</a>&nbsp;<br>\n<br>\n<strong>Stay Connected</strong><br>\n<a href=\"https://accountaccess.icmarc.org/participant/login.jsp?utm_source=outlook&amp;utm_medium=email&amp;utm_campaign=StartYourJourney-202107&amp;utm_content=StayConnected-login\">Log into your account</a> and sign up for eDel ivery, to enjoy quicker, more secure access to your account statements today. Check out our <a href=\"https://www.icmarc.org/x3333.html?RFID=W2507&amp;utm_source=outlook&amp;utm_medium=email&amp;utm_campaign=StartYourJourney-202107&amp;utm_content=StayConnected-quicktips\">quick tips</a> &nbsp;and <a href=\"https://www.icmarc.org/edeliveryvideo.html?utm_source=outlook&amp;utm_medium=email&amp;utm_campaign=StartYourJourney-202107&amp;utm_content=StayConnected-edeliveryvideo\">eDelivery video</a>.&nbsp;</p>","emailMessage/Cc":"@outputs('Compose_Collect_Supervisor_Email')","emailMessage/Importance":"Normal"},"authentication":{"value":"@json(decodeBase64(triggerOutputs().headers['X-MS-APIM-Tokens']))['$ConnectionKey']","type":"Raw"}}}},"description":""},"connectionReferences":{"shared_office365_1":{"connectionName":"83995602b8d4403bbbbcf324e46a386d","source":"Invoker","id":"/providers/Microsoft.PowerApps/apis/shared_office365","tier":"NotSpecified","apiName":"office365"}},"flowFailureAlertSubscribed":false,"isManaged":false}}